address,address,location_id,account_id
100,Strange Road,1,1
101,Strange Road,2,2
102,Strange Road,3,3
103,Strange Road,4,4
104,Strange Road,1,5
105,Strange Road,2,6
106,Strange Road,3,7
107,Strange Road,4,8
108,Strange Road,1,9
109,Strange Road,2,10
110,Strange Road,3,11
111,Strange Road,4,12
112,Strange Road,1,13
113,Strange Road,2,14
114,Strange Road,3,15
115,Strange Road,4,16
116,Strange Road,1,17
117,Strange Road,2,18
118,Strange Road,3,19
119,Strange Road,4,20
120,Strange Road,1,21
121,Strange Road,2,22
122,Strange Road,3,23
123,Strange Road,4,24
124,Strange Road,1,25
125,Strange Road,2,26
126,Strange Road,3,27
127,Strange Road,4,28
128,Strange Road,1,29
129,Strange Road,2,30
130,Strange Road,3,31
131,Strange Road,4,32
132,Strange Road,1,33
133,Strange Road,2,34
134,Strange Road,3,35
135,Strange Road,4,36
136,Strange Road,1,37
137,Strange Road,2,38
138,Strange Road,3,39
139,Strange Road,4,40
140,Strange Road,1,41
141,Strange Road,2,42
142,Strange Road,3,43
143,Strange Road,4,44
144,Strange Road,1,45
145,Strange Road,2,46
146,Strange Road,3,47
147,Strange Road,4,48
148,Strange Road,1,49
149,Strange Road,2,50
150,Strange Road,3,51
151,Strange Road,4,52
152,Strange Road,1,53
153,Strange Road,2,54
154,Strange Road,3,55
155,Strange Road,4,56
156,Strange Road,1,57
157,Strange Road,2,58
158,Strange Road,3,59
159,Strange Road,4,60
160,Strange Road,1,61
161,Strange Road,2,62
162,Strange Road,3,63
163,Strange Road,4,64
